country,year,tax_price_only,ets_price_only,has_tax,has_ets,any_carbon_price_dummy,carbon_price_max,tax_type,tax_price
Albania,2024,13.111355,0.000000,1,0,1,13.111355,1,13.111355
Albania,2025,13.691905,0.000000,1,0,1,13.691905,1,13.691905
Argentina,2018,8.914348,0.000000,1,0,1,8.914348,1,8.914348
Argentina,2019,6.187569,0.000000,1,0,1,6.187569,1,6.187569
Argentina,2020,6.342015,0.000000,1,0,1,6.342015,1,6.342015
Argentina,2021,5.321599,0.000000,1,0,1,5.321599,1,5.321599
Argentina,2022,4.995626,0.000000,1,0,1,4.995626,1,4.995626
Argentina,2023,3.218257,0.000000,1,0,1,3.218257,1,3.218257
Argentina,2024,0.811554,0.000000,1,0,1,0.811554,1,0.811554
Argentina,2025,5.327915,0.000000,1,0,1,5.327915,1,5.327915
Canada,2019,14.995876,0.000000,1,0,1,14.995876,1,14.995876
Canada,2020,21.101498,0.000000,1,0,1,21.101498,1,21.101498
Canada,2021,31.834461,31.834461,1,1,1,31.834461,3,31.834461
Canada,2022,39.961637,39.961637,1,1,1,39.961637,3,39.961637
Canada,2023,48.030740,48.030740,1,1,1,48.030740,3,48.030740
Canada,2024,58.944887,58.944887,1,1,1,58.944887,3,58.944887
Chile,2017,5.000000,0.000000,1,0,1,5.000000,1,5.000000
Chile,2018,5.000000,0.000000,1,0,1,5.000000,1,5.000000
Chile,2019,5.000000,0.000000,1,0,1,5.000000,1,5.000000
Chile,2020,5.000000,0.000000,1,0,1,5.000000,1,5.000000
Chile,2021,5.000000,0.000000,1,0,1,5.000000,1,5.000000
Chile,2022,5.000000,0.000000,1,0,1,5.000000,1,5.000000
Chile,2023,5.000000,0.000000,1,0,1,5.000000,1,5.000000
Chile,2024,5.000000,0.000000,1,0,1,5.000000,1,5.000000
Chile,2025,5.000000,0.000000,1,0,1,5.000000,1,5.000000
Colombia,2017,5.207904,0.000000,1,0,1,5.207904,1,5.207904
Colombia,2018,5.670415,0.000000,1,0,1,5.670415,1,5.670415
Colombia,2019,5.172635,0.000000,1,0,1,5.172635,1,5.172635
Colombia,2020,4.244866,0.000000,1,0,1,4.244866,1,4.244866
Colombia,2021,4.605677,0.000000,1,0,1,4.605677,1,4.605677
Colombia,2022,5.013272,0.000000,1,0,1,5.013272,1,5.013272
Colombia,2023,5.035342,0.000000,1,0,1,5.035342,1,5.035342
Colombia,2024,6.678547,0.000000,1,0,1,6.678547,1,6.678547
Colombia,2025,6.536619,0.000000,1,0,1,6.536619,1,6.536619
Denmark,2007,16.228525,1.251892,1,1,1,16.228525,3,16.228525
Denmark,2008,19.381085,34.483320,1,1,1,34.483320,3,34.483320
Denmark,2009,16.744281,15.550804,1,1,1,16.744281,3,16.744281
Denmark,2010,27.937873,17.265976,1,1,1,27.937873,3,27.937873
Denmark,2011,29.760060,23.756880,1,1,1,29.760060,3,29.760060
Denmark,2012,28.706724,9.322488,1,1,1,28.706724,3,28.706724
Denmark,2013,27.843650,6.043960,1,1,1,27.843650,3,27.843650
Denmark,2014,30.573390,6.757100,1,1,1,30.573390,3,30.573390
Denmark,2015,24.257766,7.689825,1,1,1,24.257766,3,24.257766
Denmark,2016,26.085013,5.921776,1,1,1,26.085013,3,26.085013
Denmark,2017,24.542328,5.644848,1,1,1,24.542328,3,24.542328
Denmark,2018,28.596322,16.263720,1,1,1,28.596322,3,28.596322
Denmark,2019,26.153074,24.505716,1,1,1,26.153074,3,26.153074
Denmark,2020,25.673504,18.536520,1,1,1,25.673504,3,25.673504
Denmark,2021,27.919706,49.779548,1,1,1,49.779548,3,49.779548
Denmark,2022,26.367407,86.526108,1,1,1,86.526108,3,86.526108
Denmark,2023,26.293067,96.298125,1,1,1,96.298125,3,96.298125
Denmark,2024,28.399510,61.301547,1,1,1,61.301547,3,61.301547
Denmark,2025,108.434780,70.370124,1,1,1,108.434780,3,108.434780
Estonia,2011,2.828200,23.756880,1,1,1,23.756880,3,23.756880
Estonia,2012,2.671200,9.322488,1,1,1,9.322488,3,9.322488
Estonia,2013,2.561000,6.043960,1,1,1,6.043960,3,6.043960
Estonia,2014,2.758000,6.757100,1,1,1,6.757100,3,6.757100
Estonia,2015,2.151000,7.689825,1,1,1,7.689825,3,7.689825
Estonia,2016,2.286400,5.921776,1,1,1,5.921776,3,5.921776
Estonia,2017,2.138200,5.644848,1,1,1,5.644848,3,5.644848
Estonia,2018,2.464200,16.263720,1,1,1,16.263720,3,16.263720
Estonia,2019,2.247200,24.505716,1,1,1,24.505716,3,24.505716
Estonia,2020,2.187200,18.536520,1,1,1,18.536520,3,18.536520
Estonia,2021,2.349200,49.779548,1,1,1,49.779548,3,49.779548
Estonia,2022,2.210400,86.526108,1,1,1,86.526108,3,86.526108
Estonia,2023,2.175000,96.298125,1,1,1,96.298125,3,96.298125
Estonia,2024,2.149800,61.301547,1,1,1,61.301547,3,61.301547
Estonia,2025,26.970000,70.370124,1,1,1,70.370124,3,70.370124
Finland,2000,16.392948,0.000000,1,0,1,16.392948,1,16.392948
Finland,2001,15.155712,0.000000,1,0,1,15.155712,1,15.155712
Finland,2002,14.970384,0.000000,1,0,1,14.970384,1,14.970384
Finland,2003,19.658255,0.000000,1,0,1,19.658255,1,19.658255
Finland,2004,22.237600,0.000000,1,0,1,22.237600,1,22.237600
Finland,2005,23.390995,19.049730,1,1,1,23.390995,3,23.390995
Finland,2006,21.847720,32.353992,1,1,1,32.353992,3,32.353992
Finland,2007,24.038990,1.251892,1,1,1,24.038990,3,24.038990
Finland,2008,31.022460,34.483320,1,1,1,34.483320,3,34.483320
Finland,2009,27.035086,15.550804,1,1,1,27.035086,3,27.035086
Finland,2010,27.488188,17.265976,1,1,1,27.488188,3,27.488188
Finland,2011,70.705000,23.756880,1,1,1,70.705000,3,70.705000
Finland,2012,80.136000,9.322488,1,1,1,80.136000,3,80.136000
Finland,2013,64.025000,6.043960,1,1,1,64.025000,3,64.025000
Finland,2014,79.982000,6.757100,1,1,1,79.982000,3,79.982000
Finland,2015,62.379000,7.689825,1,1,1,62.379000,3,62.379000
Finland,2016,66.305600,5.921776,1,1,1,66.305600,3,66.305600
Finland,2017,62.007800,5.644848,1,1,1,62.007800,3,62.007800
Finland,2018,89.943300,16.263720,1,1,1,89.943300,3,89.943300
Finland,2019,86.517200,24.505716,1,1,1,86.517200,3,86.517200
Finland,2020,84.207200,18.536520,1,1,1,84.207200,3,84.207200
Finland,2021,90.444200,49.779548,1,1,1,90.444200,3,90.444200
Finland,2022,85.100400,86.526108,1,1,1,86.526108,3,86.526108
Finland,2023,83.737500,96.298125,1,1,1,96.298125,3,96.298125
Finland,2024,99.984863,61.301547,1,1,1,99.984863,3,99.984863
Finland,2025,66.885600,70.370124,1,1,1,70.370124,3,70.370124
France,2014,9.653000,6.757100,1,1,1,9.653000,3,9.653000
France,2015,15.594750,7.689825,1,1,1,15.594750,3,15.594750
France,2016,25.150400,5.921776,1,1,1,25.150400,3,25.150400
France,2017,32.607550,5.644848,1,1,1,32.607550,3,32.607550
France,2018,54.951660,16.263720,1,1,1,54.951660,3,54.951660
France,2019,50.112560,24.505716,1,1,1,50.112560,3,50.112560
France,2020,48.774560,18.536520,1,1,1,48.774560,3,48.774560
France,2021,52.387160,49.779548,1,1,1,52.387160,3,52.387160
France,2022,49.291920,86.526108,1,1,1,86.526108,3,86.526108
France,2023,48.502500,96.298125,1,1,1,96.298125,3,96.298125
France,2024,47.940540,61.301547,1,1,1,61.301547,3,61.301547
France,2025,48.114480,70.370124,1,1,1,70.370124,3,70.370124
Iceland,2010,8.843176,0.000000,1,0,1,8.843176,1,8.843176
Iceland,2011,9.904604,0.000000,1,0,1,9.904604,1,9.904604
Iceland,2012,8.965638,0.000000,1,0,1,8.965638,1,8.965638
Iceland,2013,17.615187,0.000000,1,0,1,17.615187,1,17.615187
Iceland,2014,20.277997,0.000000,1,0,1,20.277997,1,20.277997
Iceland,2015,16.208876,0.000000,1,0,1,16.208876,1,16.208876
Iceland,2016,18.608782,0.000000,1,0,1,18.608782,1,18.608782
Iceland,2017,21.190987,0.000000,1,0,1,21.190987,1,21.190987
Iceland,2018,36.676789,0.000000,1,0,1,36.676789,1,36.676789
Iceland,2019,35.474284,0.000000,1,0,1,35.474284,1,35.474284
Iceland,2020,30.743800,0.000000,1,0,1,30.743800,1,30.743800
Iceland,2021,35.362094,0.000000,1,0,1,35.362094,1,35.362094
Iceland,2022,35.612758,0.000000,1,0,1,35.612758,1,35.612758
Iceland,2023,36.108666,0.000000,1,0,1,36.108666,1,36.108666
Iceland,2024,36.508164,0.000000,1,0,1,36.508164,1,36.508164
Iceland,2025,60.060060,0.000000,1,0,1,60.060060,1,60.060060
Ireland,2010,20.177196,17.265976,1,1,1,20.177196,3,20.177196
Ireland,2011,21.185457,23.756880,1,1,1,23.756880,3,23.756880
Ireland,2012,26.696664,9.322488,1,1,1,26.696664,3,26.696664
Ireland,2013,25.595297,6.043960,1,1,1,25.595297,3,25.595297
Ireland,2014,27.564165,6.757100,1,1,1,27.564165,3,27.564165
Ireland,2015,21.497650,7.689825,1,1,1,21.497650,3,21.497650
Ireland,2016,22.850873,5.921776,1,1,1,22.850873,3,22.850873
Ireland,2017,21.369724,5.644848,1,1,1,21.369724,3,21.369724
Ireland,2018,24.627852,16.263720,1,1,1,24.627852,3,24.627852
Ireland,2019,22.459098,24.505716,1,1,1,24.505716,3,24.505716
Ireland,2020,28.521640,18.536520,1,1,1,28.521640,3,28.521640
Ireland,2021,39.678533,49.779548,1,1,1,49.779548,3,49.779548
Ireland,2022,45.690048,86.526108,1,1,1,86.526108,3,86.526108
Ireland,2023,53.185111,96.298125,1,1,1,96.298125,3,96.298125
Ireland,2024,52.568897,61.301547,1,1,1,61.301547,3,61.301547
Ireland,2025,68.503800,70.370124,1,1,1,70.370124,3,70.370124
Israel,2025,1.511471,0.000000,1,0,1,1.511471,1,1.511471
Japan,2012,1.075379,0.000000,1,0,1,1.075379,1,1.075379
Japan,2013,0.940914,0.000000,1,0,1,0.940914,1,0.940914
Japan,2014,1.710901,0.000000,1,0,1,1.710901,1,1.710901
Japan,2015,1.472987,0.000000,1,0,1,1.472987,1,1.472987
Japan,2016,2.393590,0.000000,1,0,1,2.393590,1,2.393590
Japan,2017,2.396795,0.000000,1,0,1,2.396795,1,2.396795
Japan,2018,2.529060,0.000000,1,0,1,2.529060,1,2.529060
Japan,2019,2.417725,0.000000,1,0,1,2.417725,1,2.417725
Japan,2020,2.496383,0.000000,1,0,1,2.496383,1,2.496383
Japan,2021,2.424053,0.000000,1,0,1,2.424053,1,2.424053
Japan,2022,2.197716,0.000000,1,0,1,2.197716,1,2.197716
Japan,2023,2.011993,0.000000,1,0,1,2.011993,1,2.011993
Japan,2024,1.905076,0.000000,1,0,1,1.905076,1,1.905076
Japan,2025,1.929239,0.000000,1,0,1,1.929239,1,1.929239
Latvia,2014,3.930150,6.757100,1,1,1,6.757100,3,6.757100
Latvia,2015,3.764250,7.689825,1,1,1,7.689825,3,7.689825
Latvia,2016,4.001200,5.921776,1,1,1,5.921776,3,5.921776
Latvia,2017,4.810950,5.644848,1,1,1,5.644848,3,5.644848
Latvia,2018,5.544450,16.263720,1,1,1,16.263720,3,16.263720
Latvia,2019,5.056200,24.505716,1,1,1,24.505716,3,24.505716
Latvia,2020,9.842400,18.536520,1,1,1,18.536520,3,18.536520
Latvia,2021,14.095200,49.779548,1,1,1,49.779548,3,49.779548
Latvia,2022,16.578000,86.526108,1,1,1,86.526108,3,86.526108
Latvia,2023,16.312500,96.298125,1,1,1,96.298125,3,96.298125
Latvia,2024,16.123500,61.301547,1,1,1,61.301547,3,61.301547
Latvia,2025,16.182000,70.370124,1,1,1,70.370124,3,70.370124
Luxembourg,2021,40.124336,49.779548,1,1,1,49.779548,3,49.779548
Luxembourg,2022,43.345944,86.526108,1,1,1,86.526108,3,86.526108
Luxembourg,2023,45.000750,96.298125,1,1,1,96.298125,3,96.298125
Luxembourg,2024,49.907607,61.301547,1,1,1,61.301547,3,61.301547
Luxembourg,2025,58.546476,70.370124,1,1,1,70.370124,3,70.370124
Mexico,2015,3.115362,0.000000,1,0,1,3.115362,1,3.115362
Mexico,2016,2.777924,0.000000,1,0,1,2.777924,1,2.777924
Mexico,2017,2.645353,0.000000,1,0,1,2.645353,1,2.645353
Mexico,2018,2.902569,0.000000,1,0,1,2.902569,1,2.902569
Mexico,2019,2.888936,0.000000,1,0,1,2.888936,1,2.888936
Mexico,2020,2.334345,0.000000,1,0,1,2.334345,1,2.334345
Mexico,2021,2.890223,0.000000,1,0,1,2.890223,1,2.890223
Mexico,2022,3.196555,0.000000,1,0,1,3.196555,1,3.196555
Mexico,2023,3.789652,0.000000,1,0,1,3.789652,1,3.789652
Mexico,2024,4.305145,0.000000,1,0,1,4.305145,1,4.305145
Mexico,2025,3.942786,0.000000,1,0,1,3.942786,1,3.942786
Netherlands,2021,35.238000,49.779548,1,1,1,49.779548,3,49.779548
Netherlands,2022,46.142100,86.526108,1,1,1,86.526108,3,86.526108
Netherlands,2023,60.834750,96.298125,1,1,1,96.298125,3,96.298125
Netherlands,2024,71.480850,61.301547,1,1,1,71.480850,3,71.480850
Netherlands,2025,94.826520,70.370124,1,1,1,94.826520,3,94.826520
Norway,1994,99.308267,0.000000,1,0,1,99.308267,1,99.308267
Norway,1995,115.810756,0.000000,1,0,1,115.810756,1,115.810756
Norway,1996,112.632234,0.000000,1,0,1,112.632234,1,112.632234
Norway,1997,109.595271,0.000000,1,0,1,109.595271,1,109.595271
Norway,1998,94.701683,0.000000,1,0,1,94.701683,1,94.701683
Norway,1999,93.792962,0.000000,1,0,1,93.792962,1,93.792962
Norway,2000,85.390339,0.000000,1,0,1,85.390339,1,85.390339
Norway,2001,58.975062,0.000000,1,0,1,58.975062,1,58.975062
Norway,2002,61.075103,0.000000,1,0,1,61.075103,1,61.075103
Norway,2003,74.209463,0.000000,1,0,1,74.209463,1,74.209463
Norway,2004,79.235847,0.000000,1,0,1,79.235847,1,79.235847
Norway,2005,86.973023,0.000000,1,0,1,86.973023,1,86.973023
Norway,2006,82.795291,0.000000,1,0,1,82.795291,1,82.795291
Norway,2007,89.890589,0.000000,1,0,1,89.890589,1,89.890589
Norway,2008,104.956834,0.000000,1,0,1,104.956834,1,104.956834
Norway,2009,80.951742,0.000000,1,0,1,80.951742,1,80.951742
Norway,2010,90.596062,0.000000,1,0,1,90.596062,1,90.596062
Norway,2011,99.278959,0.000000,1,0,1,99.278959,1,99.278959
Norway,2012,96.604781,0.000000,1,0,1,96.604781,1,96.604781
Norway,2013,94.582532,0.000000,1,0,1,94.582532,1,94.582532
Norway,2014,92.525855,0.000000,1,0,1,92.525855,1,92.525855
Norway,2015,68.315986,0.000000,1,0,1,68.315986,1,68.315986
Norway,2016,65.878706,0.000000,1,0,1,65.878706,1,65.878706
Norway,2017,66.816703,0.000000,1,0,1,66.816703,1,66.816703
Norway,2018,79.976341,0.000000,1,0,1,79.976341,1,79.976341
Norway,2019,72.163025,0.000000,1,0,1,72.163025,1,72.163025
Norway,2020,63.276398,0.000000,1,0,1,63.276398,1,63.276398
Norway,2021,80.352849,0.000000,1,0,1,80.352849,1,80.352849
Norway,2022,96.305616,0.000000,1,0,1,96.305616,1,96.305616
Norway,2023,94.490895,0.000000,1,0,1,94.490895,1,94.490895
Norway,2024,107.783552,0.000000,1,0,1,107.783552,1,107.783552
Norway,2025,133.920487,0.000000,1,0,1,133.920487,1,133.920487
Poland,1994,0.044053,0.000000,1,0,1,0.044053,1,0.044053
Poland,1995,0.055319,0.000000,1,0,1,0.055319,1,0.055319
Poland,1996,0.058072,0.000000,1,0,1,0.058072,1,0.058072
Poland,1998,0.043466,0.000000,1,0,1,0.043466,1,0.043466
Poland,1999,0.041870,0.000000,1,0,1,0.041870,1,0.041870
Poland,2000,0.041870,0.000000,1,0,1,0.041870,1,0.041870
Poland,2001,0.036870,0.000000,1,0,1,0.036870,1,0.036870
Poland,2002,0.036678,0.000000,1,0,1,0.036678,1,0.036678
Poland,2003,0.051727,0.000000,1,0,1,0.051727,1,0.051727
Poland,2004,0.057075,0.000000,1,0,1,0.057075,1,0.057075
Poland,2005,0.068298,19.049730,1,1,1,19.049730,3,19.049730
Poland,2006,0.067866,32.353992,1,1,1,32.353992,3,32.353992
Poland,2007,0.079814,1.251892,1,1,1,1.251892,3,1.251892
Poland,2008,0.103070,34.483320,1,1,1,34.483320,3,34.483320
Poland,2009,0.075579,15.550804,1,1,1,15.550804,3,15.550804
Poland,2010,0.087948,17.265976,1,1,1,17.265976,3,17.265976
Poland,2011,0.091588,23.756880,1,1,1,23.756880,3,23.756880
Poland,2012,0.087125,9.322488,1,1,1,9.322488,3,9.322488
Poland,2013,0.085645,6.043960,1,1,1,6.043960,3,6.043960
Poland,2014,0.092318,6.757100,1,1,1,6.757100,3,6.757100
Poland,2015,0.077439,7.689825,1,1,1,7.689825,3,7.689825
Poland,2016,0.077972,5.921776,1,1,1,5.921776,3,5.921776
Poland,2017,0.073502,5.644848,1,1,1,5.644848,3,5.644848
Poland,2018,0.085405,16.263720,1,1,1,16.263720,3,16.263720
Poland,2019,0.078397,24.505716,1,1,1,24.505716,3,24.505716
Poland,2020,0.071941,18.536520,1,1,1,18.536520,3,18.536520
Poland,2021,0.078624,49.779548,1,1,1,49.779548,3,49.779548
Poland,2022,0.076230,86.526108,1,1,1,86.526108,3,86.526108
Poland,2024,0.084981,61.301547,1,1,1,61.301547,3,61.301547
Poland,2025,0.098303,70.370124,1,1,1,70.370124,3,70.370124
Portugal,2019,14.169747,24.505716,1,1,1,24.505716,3,24.505716
Portugal,2020,13.791416,18.536520,1,1,1,18.536520,3,18.536520
Portugal,2021,27.813873,49.779548,1,1,1,49.779548,3,49.779548
Portugal,2022,26.170520,86.526108,1,1,1,86.526108,3,86.526108
Portugal,2023,25.751394,96.298125,1,1,1,96.298125,3,96.298125
Portugal,2024,25.453033,61.301547,1,1,1,61.301547,3,61.301547
Portugal,2025,72.700332,70.370124,1,1,1,72.700332,3,72.700332
Singapore,2019,3.693853,0.000000,1,0,1,3.693853,1,3.693853
Singapore,2020,3.510250,0.000000,1,0,1,3.510250,1,3.510250
Singapore,2021,3.713607,0.000000,1,0,1,3.713607,1,3.713607
Singapore,2022,3.685685,0.000000,1,0,1,3.685685,1,3.685685
Singapore,2023,3.767898,0.000000,1,0,1,3.767898,1,3.767898
Singapore,2024,18.478823,0.000000,1,0,1,18.478823,1,18.478823
Singapore,2025,18.619200,0.000000,1,0,1,18.619200,1,18.619200
Slovenia,2007,16.647500,1.251892,1,1,1,16.647500,3,16.647500
Slovenia,2008,19.575000,34.483320,1,1,1,34.483320,3,34.483320
Slovenia,2009,16.557500,15.550804,1,1,1,16.557500,3,16.557500
Slovenia,2010,16.835000,17.265976,1,1,1,17.265976,3,17.265976
Slovenia,2011,17.676250,23.756880,1,1,1,23.756880,3,23.756880
Slovenia,2012,19.232640,9.322488,1,1,1,19.232640,3,19.232640
Slovenia,2013,18.439200,6.043960,1,1,1,18.439200,3,18.439200
Slovenia,2014,19.857600,6.757100,1,1,1,19.857600,3,19.857600
Slovenia,2015,18.584640,7.689825,1,1,1,18.584640,3,18.584640
Slovenia,2016,19.777360,5.921776,1,1,1,19.777360,3,19.777360
Slovenia,2017,18.495430,5.644848,1,1,1,18.495430,3,18.495430
Slovenia,2018,21.315330,16.263720,1,1,1,21.315330,3,21.315330
Slovenia,2019,19.438280,24.505716,1,1,1,24.505716,3,24.505716
Slovenia,2020,18.919280,18.536520,1,1,1,18.919280,3,18.919280
Slovenia,2021,20.320580,49.779548,1,1,1,49.779548,3,49.779548
Slovenia,2022,19.119960,86.526108,1,1,1,86.526108,3,86.526108
Slovenia,2024,18.595770,61.301547,1,1,1,61.301547,3,61.301547
Slovenia,2025,33.280980,70.370124,1,1,1,70.370124,3,70.370124
South Africa,2020,7.059870,0.000000,1,0,1,7.059870,1,7.059870
South Africa,2021,9.150943,0.000000,1,0,1,9.150943,1,9.150943
South Africa,2022,9.835192,0.000000,1,0,1,9.835192,1,9.835192
South Africa,2023,8.925614,0.000000,1,0,1,8.925614,1,8.925614
South Africa,2024,10.085782,0.000000,1,0,1,10.085782,1,10.085782
South Africa,2025,12.848922,0.000000,1,0,1,12.848922,1,12.848922
Spain,2014,27.580000,6.757100,1,1,1,27.580000,3,27.580000
Spain,2015,21.510000,7.689825,1,1,1,21.510000,3,21.510000
Spain,2016,22.864000,5.921776,1,1,1,22.864000,3,22.864000
Spain,2017,21.382000,5.644848,1,1,1,21.382000,3,21.382000
Spain,2018,24.642000,16.263720,1,1,1,24.642000,3,24.642000
Spain,2019,16.854000,24.505716,1,1,1,24.505716,3,24.505716
Spain,2020,16.404000,18.536520,1,1,1,18.536520,3,18.536520
Spain,2021,17.619000,49.779548,1,1,1,49.779548,3,49.779548
Spain,2022,16.578000,86.526108,1,1,1,86.526108,3,86.526108
Spain,2023,16.312500,96.298125,1,1,1,96.298125,3,96.298125
Spain,2024,16.123500,61.301547,1,1,1,61.301547,3,61.301547
Spain,2025,16.182000,70.370124,1,1,1,70.370124,3,70.370124
Sweden,1994,43.433827,0.000000,1,0,1,43.433827,1,43.433827
Sweden,1995,46.117328,0.000000,1,0,1,46.117328,1,46.117328
Sweden,1996,55.648303,0.000000,1,0,1,55.648303,1,55.648303
Sweden,1997,49.120478,0.000000,1,0,1,49.120478,1,49.120478
Sweden,1998,46.276030,0.000000,1,0,1,46.276030,1,46.276030
Sweden,1999,44.618631,0.000000,1,0,1,44.618631,1,44.618631
Sweden,2000,42.675894,0.000000,1,0,1,42.675894,1,42.675894
Sweden,2001,51.022864,0.000000,1,0,1,51.022864,1,51.022864
Sweden,2002,60.943168,0.000000,1,0,1,60.943168,1,60.943168
Sweden,2003,89.649071,0.000000,1,0,1,89.649071,1,89.649071
Sweden,2004,120.529801,0.000000,1,0,1,120.529801,1,120.529801
Sweden,2005,128.803963,19.049730,1,1,1,128.803963,3,128.803963
Sweden,2006,118.786314,32.353992,1,1,1,118.786314,3,118.786314
Sweden,2007,132.857143,1.251892,1,1,1,132.857143,3,132.857143
Sweden,2008,168.825742,34.483320,1,1,1,168.825742,3,168.825742
Sweden,2009,126.582279,15.550804,1,1,1,126.582279,3,126.582279
Sweden,2010,145.479737,17.265976,1,1,1,145.479737,3,145.479737
Sweden,2011,166.073547,23.756880,1,1,1,166.073547,3,166.073547
Sweden,2012,163.119818,9.322488,1,1,1,163.119818,3,163.119818
Sweden,2013,165.740769,6.043960,1,1,1,165.740769,3,165.740769
Sweden,2014,167.421095,6.757100,1,1,1,167.421095,3,167.421095
Sweden,2015,129.811426,7.689825,1,1,1,129.811426,3,129.811426
Sweden,2016,137.829190,5.921776,1,1,1,137.829190,3,137.829190
Sweden,2017,126.491593,5.644848,1,1,1,126.491593,3,126.491593
Sweden,2018,141.155079,16.263720,1,1,1,141.155079,3,141.155079
Sweden,2019,127.534477,24.505716,1,1,1,127.534477,3,127.534477
Sweden,2020,119.432345,18.536520,1,1,1,119.432345,3,119.432345
Sweden,2021,136.099547,49.779548,1,1,1,136.099547,3,136.099547
Sweden,2022,129.888105,86.526108,1,1,1,129.888105,3,129.888105
Sweden,2023,125.556554,96.298125,1,1,1,125.556554,3,125.556554
Sweden,2024,123.696076,61.301547,1,1,1,123.696076,3,123.696076
Sweden,2025,144.624699,70.370124,1,1,1,144.624699,3,144.624699
Switzerland,2008,11.918951,0.000000,1,0,1,11.918951,1,11.918951
Switzerland,2009,21.037868,0.000000,1,0,1,21.037868,1,21.037868
Switzerland,2010,34.210776,0.000000,1,0,1,34.210776,1,34.210776
Switzerland,2011,39.015932,25.453800,1,1,1,39.015932,3,39.015932
Switzerland,2012,39.862695,24.040800,1,1,1,39.862695,3,39.862695
Switzerland,2013,37.811154,0.000000,1,0,1,37.811154,1,37.811154
Switzerland,2014,67.942475,55.504750,1,1,1,67.942475,3,67.942475
Switzerland,2015,61.957869,12.906000,1,1,1,61.957869,3,61.957869
Switzerland,2016,87.582108,10.288800,1,1,1,87.582108,3,87.582108
Switzerland,2017,83.916084,6.949150,1,1,1,83.916084,3,83.916084
Switzerland,2018,100.334448,9.240750,1,1,1,100.334448,3,100.334448
Switzerland,2019,96.463023,8.033740,1,1,1,96.463023,3,96.463023
Switzerland,2020,99.440646,19.848840,1,1,1,99.440646,3,99.440646
Switzerland,2021,101.474552,46.103050,1,1,1,101.474552,3,101.474552
Switzerland,2022,129.856076,65.593620,1,1,1,129.856076,3,129.856076
Switzerland,2023,130.811577,93.807750,1,1,1,130.811577,3,130.811577
Switzerland,2024,132.122213,59.173245,1,1,1,132.122213,3,132.122213
Switzerland,2025,136.038998,64.749576,1,1,1,136.038998,3,136.038998
Ukraine,2016,0.012692,0.000000,1,0,1,0.012692,1,0.012692
Ukraine,2017,0.013668,0.000000,1,0,1,0.013668,1,0.013668
Ukraine,2018,0.015443,0.000000,1,0,1,0.015443,1,0.015443
Ukraine,2019,0.368369,0.000000,1,0,1,0.368369,1,0.368369
Ukraine,2020,0.384615,0.000000,1,0,1,0.384615,1,0.384615
Ukraine,2021,0.359420,0.000000,1,0,1,0.359420,1,0.359420
Ukraine,2022,1.025469,0.000000,1,0,1,1.025469,1,1.025469
Ukraine,2023,0.820376,0.000000,1,0,1,0.820376,1,0.820376
Ukraine,2024,0.767756,0.000000,1,0,1,0.767756,1,0.767756
Ukraine,2025,0.730410,0.000000,1,0,1,0.730410,1,0.730410
United Kingdom,2013,7.470268,0.000000,1,0,1,7.470268,1,7.470268
United Kingdom,2014,15.894065,0.000000,1,0,1,15.894065,1,15.894065
United Kingdom,2015,26.711392,0.000000,1,0,1,26.711392,1,26.711392
United Kingdom,2016,25.714800,0.000000,1,0,1,25.714800,1,25.714800
United Kingdom,2017,22.414500,0.000000,1,0,1,22.414500,1,22.414500
United Kingdom,2018,25.310700,0.000000,1,0,1,25.310700,1,25.310700
United Kingdom,2019,23.589000,0.000000,1,0,1,23.589000,1,23.589000
United Kingdom,2020,22.284000,0.000000,1,0,1,22.284000,1,22.284000
United Kingdom,2021,24.795000,0.000000,1,0,1,24.795000,1,24.795000
United Kingdom,2022,23.653800,98.557500,1,1,1,98.557500,3,98.557500
United Kingdom,2023,22.275900,88.125935,1,1,1,88.125935,3,88.125935
United Kingdom,2024,22.618800,45.061676,1,1,1,45.061676,3,45.061676
United Kingdom,2025,23.237100,57.227814,1,1,1,57.227814,3,57.227814
Uruguay,2022,137.295411,0.000000,1,0,1,137.295411,1,137.295411
Uruguay,2023,155.868350,0.000000,1,0,1,155.868350,1,155.868350
Uruguay,2024,167.173810,0.000000,1,0,1,167.173810,1,167.173810
Uruguay,2025,158.764742,0.000000,1,0,1,158.764742,1,158.764742
Australia,2012,0.000000,23.924600,0,1,1,23.924600,2,23.924600
Australia,2013,0.000000,24.584508,0,1,1,24.584508,2,24.584508
Australia,2014,0.000000,22.370145,0,1,1,22.370145,2,22.370145
Australia,2024,0.000000,21.903750,0,1,1,21.903750,2,21.903750
Australia,2025,0.000000,21.816120,0,1,1,21.816120,2,21.816120
Austria,2005,0.000000,19.049730,0,1,1,19.049730,2,19.049730
Austria,2006,0.000000,32.353992,0,1,1,32.353992,2,32.353992
Austria,2007,0.000000,1.251892,0,1,1,1.251892,2,1.251892
Austria,2008,0.000000,34.483320,0,1,1,34.483320,2,34.483320
Austria,2009,0.000000,15.550804,0,1,1,15.550804,2,15.550804
Austria,2010,0.000000,17.265976,0,1,1,17.265976,2,17.265976
Austria,2011,0.000000,23.756880,0,1,1,23.756880,2,23.756880
Austria,2012,0.000000,9.322488,0,1,1,9.322488,2,9.322488
Austria,2013,0.000000,6.043960,0,1,1,6.043960,2,6.043960
Austria,2014,0.000000,6.757100,0,1,1,6.757100,2,6.757100
Austria,2015,0.000000,7.689825,0,1,1,7.689825,2,7.689825
Austria,2016,0.000000,5.921776,0,1,1,5.921776,2,5.921776
Austria,2017,0.000000,5.644848,0,1,1,5.644848,2,5.644848
Austria,2018,0.000000,16.263720,0,1,1,16.263720,2,16.263720
Austria,2019,0.000000,24.505716,0,1,1,24.505716,2,24.505716
Austria,2020,0.000000,18.536520,0,1,1,18.536520,2,18.536520
Austria,2021,0.000000,49.779548,0,1,1,49.779548,2,49.779548
Austria,2022,0.000000,86.526108,0,1,1,86.526108,2,86.526108
Austria,2023,0.000000,96.298125,0,1,1,96.298125,2,96.298125
Austria,2024,0.000000,61.301547,0,1,1,61.301547,2,61.301547
Austria,2025,0.000000,70.370124,0,1,1,70.370124,2,70.370124
Belgium,2005,0.000000,19.049730,0,1,1,19.049730,2,19.049730
Belgium,2006,0.000000,32.353992,0,1,1,32.353992,2,32.353992
Belgium,2007,0.000000,1.251892,0,1,1,1.251892,2,1.251892
Belgium,2008,0.000000,34.483320,0,1,1,34.483320,2,34.483320
Belgium,2009,0.000000,15.550804,0,1,1,15.550804,2,15.550804
Belgium,2010,0.000000,17.265976,0,1,1,17.265976,2,17.265976
Belgium,2011,0.000000,23.756880,0,1,1,23.756880,2,23.756880
Belgium,2012,0.000000,9.322488,0,1,1,9.322488,2,9.322488
Belgium,2013,0.000000,6.043960,0,1,1,6.043960,2,6.043960
Belgium,2014,0.000000,6.757100,0,1,1,6.757100,2,6.757100
Belgium,2015,0.000000,7.689825,0,1,1,7.689825,2,7.689825
Belgium,2016,0.000000,5.921776,0,1,1,5.921776,2,5.921776
Belgium,2017,0.000000,5.644848,0,1,1,5.644848,2,5.644848
Belgium,2018,0.000000,16.263720,0,1,1,16.263720,2,16.263720
Belgium,2019,0.000000,24.505716,0,1,1,24.505716,2,24.505716
Belgium,2020,0.000000,18.536520,0,1,1,18.536520,2,18.536520
Belgium,2021,0.000000,49.779548,0,1,1,49.779548,2,49.779548
Belgium,2022,0.000000,86.526108,0,1,1,86.526108,2,86.526108
Belgium,2023,0.000000,96.298125,0,1,1,96.298125,2,96.298125
Belgium,2024,0.000000,61.301547,0,1,1,61.301547,2,61.301547
Belgium,2025,0.000000,70.370124,0,1,1,70.370124,2,70.370124
Bulgaria,2005,0.000000,19.049730,0,1,1,19.049730,2,19.049730
Bulgaria,2006,0.000000,32.353992,0,1,1,32.353992,2,32.353992
Bulgaria,2007,0.000000,1.251892,0,1,1,1.251892,2,1.251892
Bulgaria,2008,0.000000,34.483320,0,1,1,34.483320,2,34.483320
Bulgaria,2009,0.000000,15.550804,0,1,1,15.550804,2,15.550804
Bulgaria,2010,0.000000,17.265976,0,1,1,17.265976,2,17.265976
Bulgaria,2011,0.000000,23.756880,0,1,1,23.756880,2,23.756880
Bulgaria,2012,0.000000,9.322488,0,1,1,9.322488,2,9.322488
Bulgaria,2013,0.000000,6.043960,0,1,1,6.043960,2,6.043960
Bulgaria,2014,0.000000,6.757100,0,1,1,6.757100,2,6.757100
Bulgaria,2015,0.000000,7.689825,0,1,1,7.689825,2,7.689825
Bulgaria,2016,0.000000,5.921776,0,1,1,5.921776,2,5.921776
Bulgaria,2017,0.000000,5.644848,0,1,1,5.644848,2,5.644848
Bulgaria,2018,0.000000,16.263720,0,1,1,16.263720,2,16.263720
Bulgaria,2019,0.000000,24.505716,0,1,1,24.505716,2,24.505716
Bulgaria,2020,0.000000,18.536520,0,1,1,18.536520,2,18.536520
Bulgaria,2021,0.000000,49.779548,0,1,1,49.779548,2,49.779548
Bulgaria,2022,0.000000,86.526108,0,1,1,86.526108,2,86.526108
Bulgaria,2023,0.000000,96.298125,0,1,1,96.298125,2,96.298125
Bulgaria,2024,0.000000,61.301547,0,1,1,61.301547,2,61.301547
Bulgaria,2025,0.000000,70.370124,0,1,1,70.370124,2,70.370124
Canada,2025,0.000000,66.211319,0,1,1,66.211319,2,66.211319
China,2022,0.000000,9.199849,0,1,1,9.199849,2,9.199849
China,2023,0.000000,8.153163,0,1,1,8.153163,2,8.153163
China,2024,0.000000,12.573079,0,1,1,12.573079,2,12.573079
China,2025,0.000000,11.764625,0,1,1,11.764625,2,11.764625
Croatia,2005,0.000000,19.049730,0,1,1,19.049730,2,19.049730
Croatia,2006,0.000000,32.353992,0,1,1,32.353992,2,32.353992
Croatia,2007,0.000000,1.251892,0,1,1,1.251892,2,1.251892
Croatia,2008,0.000000,34.483320,0,1,1,34.483320,2,34.483320
Croatia,2009,0.000000,15.550804,0,1,1,15.550804,2,15.550804
Croatia,2010,0.000000,17.265976,0,1,1,17.265976,2,17.265976
Croatia,2011,0.000000,23.756880,0,1,1,23.756880,2,23.756880
Croatia,2012,0.000000,9.322488,0,1,1,9.322488,2,9.322488
Croatia,2013,0.000000,6.043960,0,1,1,6.043960,2,6.043960
Croatia,2014,0.000000,6.757100,0,1,1,6.757100,2,6.757100
Croatia,2015,0.000000,7.689825,0,1,1,7.689825,2,7.689825
Croatia,2016,0.000000,5.921776,0,1,1,5.921776,2,5.921776
Croatia,2017,0.000000,5.644848,0,1,1,5.644848,2,5.644848
Croatia,2018,0.000000,16.263720,0,1,1,16.263720,2,16.263720
Croatia,2019,0.000000,24.505716,0,1,1,24.505716,2,24.505716
Croatia,2020,0.000000,18.536520,0,1,1,18.536520,2,18.536520
Croatia,2021,0.000000,49.779548,0,1,1,49.779548,2,49.779548
Croatia,2022,0.000000,86.526108,0,1,1,86.526108,2,86.526108
Croatia,2023,0.000000,96.298125,0,1,1,96.298125,2,96.298125
Croatia,2024,0.000000,61.301547,0,1,1,61.301547,2,61.301547
Croatia,2025,0.000000,70.370124,0,1,1,70.370124,2,70.370124
Cyprus,2005,0.000000,19.049730,0,1,1,19.049730,2,19.049730
Cyprus,2006,0.000000,32.353992,0,1,1,32.353992,2,32.353992
Cyprus,2007,0.000000,1.251892,0,1,1,1.251892,2,1.251892
Cyprus,2008,0.000000,34.483320,0,1,1,34.483320,2,34.483320
Cyprus,2009,0.000000,15.550804,0,1,1,15.550804,2,15.550804
Cyprus,2010,0.000000,17.265976,0,1,1,17.265976,2,17.265976
Cyprus,2011,0.000000,23.756880,0,1,1,23.756880,2,23.756880
Cyprus,2012,0.000000,9.322488,0,1,1,9.322488,2,9.322488
Cyprus,2013,0.000000,6.043960,0,1,1,6.043960,2,6.043960
Cyprus,2014,0.000000,6.757100,0,1,1,6.757100,2,6.757100
Cyprus,2015,0.000000,7.689825,0,1,1,7.689825,2,7.689825
Cyprus,2016,0.000000,5.921776,0,1,1,5.921776,2,5.921776
Cyprus,2017,0.000000,5.644848,0,1,1,5.644848,2,5.644848
Cyprus,2018,0.000000,16.263720,0,1,1,16.263720,2,16.263720
Cyprus,2019,0.000000,24.505716,0,1,1,24.505716,2,24.505716
Cyprus,2020,0.000000,18.536520,0,1,1,18.536520,2,18.536520
Cyprus,2021,0.000000,49.779548,0,1,1,49.779548,2,49.779548
Cyprus,2022,0.000000,86.526108,0,1,1,86.526108,2,86.526108
Cyprus,2023,0.000000,96.298125,0,1,1,96.298125,2,96.298125
Cyprus,2024,0.000000,61.301547,0,1,1,61.301547,2,61.301547
Cyprus,2025,0.000000,70.370124,0,1,1,70.370124,2,70.370124
Czech Republic,2005,0.000000,19.049730,0,1,1,19.049730,2,19.049730
Czech Republic,2006,0.000000,32.353992,0,1,1,32.353992,2,32.353992
Czech Republic,2007,0.000000,1.251892,0,1,1,1.251892,2,1.251892
Czech Republic,2008,0.000000,34.483320,0,1,1,34.483320,2,34.483320
Czech Republic,2009,0.000000,15.550804,0,1,1,15.550804,2,15.550804
Czech Republic,2010,0.000000,17.265976,0,1,1,17.265976,2,17.265976
Czech Republic,2011,0.000000,23.756880,0,1,1,23.756880,2,23.756880
Czech Republic,2012,0.000000,9.322488,0,1,1,9.322488,2,9.322488
Czech Republic,2013,0.000000,6.043960,0,1,1,6.043960,2,6.043960
Czech Republic,2014,0.000000,6.757100,0,1,1,6.757100,2,6.757100
Czech Republic,2015,0.000000,7.689825,0,1,1,7.689825,2,7.689825
Czech Republic,2016,0.000000,5.921776,0,1,1,5.921776,2,5.921776
Czech Republic,2017,0.000000,5.644848,0,1,1,5.644848,2,5.644848
Czech Republic,2018,0.000000,16.263720,0,1,1,16.263720,2,16.263720
Czech Republic,2019,0.000000,24.505716,0,1,1,24.505716,2,24.505716
Czech Republic,2020,0.000000,18.536520,0,1,1,18.536520,2,18.536520
Czech Republic,2021,0.000000,49.779548,0,1,1,49.779548,2,49.779548
Czech Republic,2022,0.000000,86.526108,0,1,1,86.526108,2,86.526108
Czech Republic,2023,0.000000,96.298125,0,1,1,96.298125,2,96.298125
Czech Republic,2024,0.000000,61.301547,0,1,1,61.301547,2,61.301547
Czech Republic,2025,0.000000,70.370124,0,1,1,70.370124,2,70.370124
Denmark,2005,0.000000,19.049730,0,1,1,19.049730,2,19.049730
Denmark,2006,0.000000,32.353992,0,1,1,32.353992,2,32.353992
Estonia,2005,0.000000,19.049730,0,1,1,19.049730,2,19.049730
Estonia,2006,0.000000,32.353992,0,1,1,32.353992,2,32.353992
Estonia,2007,0.000000,1.251892,0,1,1,1.251892,2,1.251892
Estonia,2008,0.000000,34.483320,0,1,1,34.483320,2,34.483320
Estonia,2009,0.000000,15.550804,0,1,1,15.550804,2,15.550804
Estonia,2010,0.000000,17.265976,0,1,1,17.265976,2,17.265976
France,2005,0.000000,19.049730,0,1,1,19.049730,2,19.049730
France,2006,0.000000,32.353992,0,1,1,32.353992,2,32.353992
France,2007,0.000000,1.251892,0,1,1,1.251892,2,1.251892
France,2008,0.000000,34.483320,0,1,1,34.483320,2,34.483320
France,2009,0.000000,15.550804,0,1,1,15.550804,2,15.550804
France,2010,0.000000,17.265976,0,1,1,17.265976,2,17.265976
France,2011,0.000000,23.756880,0,1,1,23.756880,2,23.756880
France,2012,0.000000,9.322488,0,1,1,9.322488,2,9.322488
France,2013,0.000000,6.043960,0,1,1,6.043960,2,6.043960
Germany,2005,0.000000,19.049730,0,1,1,19.049730,2,19.049730
Germany,2006,0.000000,32.353992,0,1,1,32.353992,2,32.353992
Germany,2007,0.000000,1.251892,0,1,1,1.251892,2,1.251892
Germany,2008,0.000000,34.483320,0,1,1,34.483320,2,34.483320
Germany,2009,0.000000,15.550804,0,1,1,15.550804,2,15.550804
Germany,2010,0.000000,17.265976,0,1,1,17.265976,2,17.265976
Germany,2011,0.000000,23.756880,0,1,1,23.756880,2,23.756880
Germany,2012,0.000000,9.322488,0,1,1,9.322488,2,9.322488
Germany,2013,0.000000,6.043960,0,1,1,6.043960,2,6.043960
Germany,2014,0.000000,6.757100,0,1,1,6.757100,2,6.757100
Germany,2015,0.000000,7.689825,0,1,1,7.689825,2,7.689825
Germany,2016,0.000000,5.921776,0,1,1,5.921776,2,5.921776
Germany,2017,0.000000,5.644848,0,1,1,5.644848,2,5.644848
Germany,2018,0.000000,16.263720,0,1,1,16.263720,2,16.263720
Germany,2019,0.000000,24.505716,0,1,1,24.505716,2,24.505716
Germany,2020,0.000000,18.536520,0,1,1,18.536520,2,18.536520
Germany,2021,0.000000,49.779548,0,1,1,49.779548,2,49.779548
Germany,2022,0.000000,86.526108,0,1,1,86.526108,2,86.526108
Germany,2023,0.000000,96.298125,0,1,1,96.298125,2,96.298125
Germany,2024,0.000000,61.301547,0,1,1,61.301547,2,61.301547
Germany,2025,0.000000,70.370124,0,1,1,70.370124,2,70.370124
Greece,2005,0.000000,19.049730,0,1,1,19.049730,2,19.049730
Greece,2006,0.000000,32.353992,0,1,1,32.353992,2,32.353992
Greece,2007,0.000000,1.251892,0,1,1,1.251892,2,1.251892
Greece,2008,0.000000,34.483320,0,1,1,34.483320,2,34.483320
Greece,2009,0.000000,15.550804,0,1,1,15.550804,2,15.550804
Greece,2010,0.000000,17.265976,0,1,1,17.265976,2,17.265976
Greece,2011,0.000000,23.756880,0,1,1,23.756880,2,23.756880
Greece,2012,0.000000,9.322488,0,1,1,9.322488,2,9.322488
Greece,2013,0.000000,6.043960,0,1,1,6.043960,2,6.043960
Greece,2014,0.000000,6.757100,0,1,1,6.757100,2,6.757100
Greece,2015,0.000000,7.689825,0,1,1,7.689825,2,7.689825
Greece,2016,0.000000,5.921776,0,1,1,5.921776,2,5.921776
Greece,2017,0.000000,5.644848,0,1,1,5.644848,2,5.644848
Greece,2018,0.000000,16.263720,0,1,1,16.263720,2,16.263720
Greece,2019,0.000000,24.505716,0,1,1,24.505716,2,24.505716
Greece,2020,0.000000,18.536520,0,1,1,18.536520,2,18.536520
Greece,2021,0.000000,49.779548,0,1,1,49.779548,2,49.779548
Greece,2022,0.000000,86.526108,0,1,1,86.526108,2,86.526108
Greece,2023,0.000000,96.298125,0,1,1,96.298125,2,96.298125
Greece,2024,0.000000,61.301547,0,1,1,61.301547,2,61.301547
Greece,2025,0.000000,70.370124,0,1,1,70.370124,2,70.370124
Hungary,2005,0.000000,19.049730,0,1,1,19.049730,2,19.049730
Hungary,2006,0.000000,32.353992,0,1,1,32.353992,2,32.353992
Hungary,2007,0.000000,1.251892,0,1,1,1.251892,2,1.251892
Hungary,2008,0.000000,34.483320,0,1,1,34.483320,2,34.483320
Hungary,2009,0.000000,15.550804,0,1,1,15.550804,2,15.550804
Hungary,2010,0.000000,17.265976,0,1,1,17.265976,2,17.265976
Hungary,2011,0.000000,23.756880,0,1,1,23.756880,2,23.756880
Hungary,2012,0.000000,9.322488,0,1,1,9.322488,2,9.322488
Hungary,2013,0.000000,6.043960,0,1,1,6.043960,2,6.043960
Hungary,2014,0.000000,6.757100,0,1,1,6.757100,2,6.757100
Hungary,2015,0.000000,7.689825,0,1,1,7.689825,2,7.689825
Hungary,2016,0.000000,5.921776,0,1,1,5.921776,2,5.921776
Hungary,2017,0.000000,5.644848,0,1,1,5.644848,2,5.644848
Hungary,2018,0.000000,16.263720,0,1,1,16.263720,2,16.263720
Hungary,2019,0.000000,24.505716,0,1,1,24.505716,2,24.505716
Hungary,2020,0.000000,18.536520,0,1,1,18.536520,2,18.536520
Hungary,2021,0.000000,49.779548,0,1,1,49.779548,2,49.779548
Hungary,2022,0.000000,86.526108,0,1,1,86.526108,2,86.526108
Hungary,2023,0.000000,96.298125,0,1,1,96.298125,2,96.298125
Hungary,2024,0.000000,61.301547,0,1,1,61.301547,2,61.301547
Hungary,2025,0.000000,70.370124,0,1,1,70.370124,2,70.370124
Indonesia,2024,0.000000,0.612165,0,1,1,0.612165,2,0.612165
Indonesia,2025,0.000000,0.724375,0,1,1,0.724375,2,0.724375
Ireland,2005,0.000000,19.049730,0,1,1,19.049730,2,19.049730
Ireland,2006,0.000000,32.353992,0,1,1,32.353992,2,32.353992
Ireland,2007,0.000000,1.251892,0,1,1,1.251892,2,1.251892
Ireland,2008,0.000000,34.483320,0,1,1,34.483320,2,34.483320
Ireland,2009,0.000000,15.550804,0,1,1,15.550804,2,15.550804
Italy,2005,0.000000,19.049730,0,1,1,19.049730,2,19.049730
Italy,2006,0.000000,32.353992,0,1,1,32.353992,2,32.353992
Italy,2007,0.000000,1.251892,0,1,1,1.251892,2,1.251892
Italy,2008,0.000000,34.483320,0,1,1,34.483320,2,34.483320
Italy,2009,0.000000,15.550804,0,1,1,15.550804,2,15.550804
Italy,2010,0.000000,17.265976,0,1,1,17.265976,2,17.265976
Italy,2011,0.000000,23.756880,0,1,1,23.756880,2,23.756880
Italy,2012,0.000000,9.322488,0,1,1,9.322488,2,9.322488
Italy,2013,0.000000,6.043960,0,1,1,6.043960,2,6.043960
Italy,2014,0.000000,6.757100,0,1,1,6.757100,2,6.757100
Italy,2015,0.000000,7.689825,0,1,1,7.689825,2,7.689825
Italy,2016,0.000000,5.921776,0,1,1,5.921776,2,5.921776
Italy,2017,0.000000,5.644848,0,1,1,5.644848,2,5.644848
Italy,2018,0.000000,16.263720,0,1,1,16.263720,2,16.263720
Italy,2019,0.000000,24.505716,0,1,1,24.505716,2,24.505716
Italy,2020,0.000000,18.536520,0,1,1,18.536520,2,18.536520
Italy,2021,0.000000,49.779548,0,1,1,49.779548,2,49.779548
Italy,2022,0.000000,86.526108,0,1,1,86.526108,2,86.526108
Italy,2023,0.000000,96.298125,0,1,1,96.298125,2,96.298125
Italy,2024,0.000000,61.301547,0,1,1,61.301547,2,61.301547
Italy,2025,0.000000,70.370124,0,1,1,70.370124,2,70.370124
Kazakhstan,2020,0.000000,1.112451,0,1,1,1.112451,2,1.112451
Kazakhstan,2021,0.000000,1.176775,0,1,1,1.176775,2,1.176775
Kazakhstan,2022,0.000000,1.080826,0,1,1,1.080826,2,1.080826
Kazakhstan,2023,0.000000,1.115760,0,1,1,1.115760,2,1.115760
Kazakhstan,2024,0.000000,1.059208,0,1,1,1.059208,2,1.059208
Kazakhstan,2025,0.000000,0.931726,0,1,1,0.931726,2,0.931726
Latvia,2005,0.000000,19.049730,0,1,1,19.049730,2,19.049730
Latvia,2006,0.000000,32.353992,0,1,1,32.353992,2,32.353992
Latvia,2007,0.000000,1.251892,0,1,1,1.251892,2,1.251892
Latvia,2008,0.000000,34.483320,0,1,1,34.483320,2,34.483320
Latvia,2009,0.000000,15.550804,0,1,1,15.550804,2,15.550804
Latvia,2010,0.000000,17.265976,0,1,1,17.265976,2,17.265976
Latvia,2011,0.000000,23.756880,0,1,1,23.756880,2,23.756880
Latvia,2012,0.000000,9.322488,0,1,1,9.322488,2,9.322488
Latvia,2013,0.000000,6.043960,0,1,1,6.043960,2,6.043960
Lithuania,2005,0.000000,19.049730,0,1,1,19.049730,2,19.049730
Lithuania,2006,0.000000,32.353992,0,1,1,32.353992,2,32.353992
Lithuania,2007,0.000000,1.251892,0,1,1,1.251892,2,1.251892
Lithuania,2008,0.000000,34.483320,0,1,1,34.483320,2,34.483320
Lithuania,2009,0.000000,15.550804,0,1,1,15.550804,2,15.550804
Lithuania,2010,0.000000,17.265976,0,1,1,17.265976,2,17.265976
Lithuania,2011,0.000000,23.756880,0,1,1,23.756880,2,23.756880
Lithuania,2012,0.000000,9.322488,0,1,1,9.322488,2,9.322488
Lithuania,2013,0.000000,6.043960,0,1,1,6.043960,2,6.043960
Lithuania,2014,0.000000,6.757100,0,1,1,6.757100,2,6.757100
Lithuania,2015,0.000000,7.689825,0,1,1,7.689825,2,7.689825
Lithuania,2016,0.000000,5.921776,0,1,1,5.921776,2,5.921776
Lithuania,2017,0.000000,5.644848,0,1,1,5.644848,2,5.644848
Lithuania,2018,0.000000,16.263720,0,1,1,16.263720,2,16.263720
Lithuania,2019,0.000000,24.505716,0,1,1,24.505716,2,24.505716
Lithuania,2020,0.000000,18.536520,0,1,1,18.536520,2,18.536520
Lithuania,2021,0.000000,49.779548,0,1,1,49.779548,2,49.779548
Lithuania,2022,0.000000,86.526108,0,1,1,86.526108,2,86.526108
Lithuania,2023,0.000000,96.298125,0,1,1,96.298125,2,96.298125
Lithuania,2024,0.000000,61.301547,0,1,1,61.301547,2,61.301547
Lithuania,2025,0.000000,70.370124,0,1,1,70.370124,2,70.370124
Luxembourg,2005,0.000000,19.049730,0,1,1,19.049730,2,19.049730
Luxembourg,2006,0.000000,32.353992,0,1,1,32.353992,2,32.353992
Luxembourg,2007,0.000000,1.251892,0,1,1,1.251892,2,1.251892
Luxembourg,2008,0.000000,34.483320,0,1,1,34.483320,2,34.483320
Luxembourg,2009,0.000000,15.550804,0,1,1,15.550804,2,15.550804
Luxembourg,2010,0.000000,17.265976,0,1,1,17.265976,2,17.265976
Luxembourg,2011,0.000000,23.756880,0,1,1,23.756880,2,23.756880
Luxembourg,2012,0.000000,9.322488,0,1,1,9.322488,2,9.322488
Luxembourg,2013,0.000000,6.043960,0,1,1,6.043960,2,6.043960
Luxembourg,2014,0.000000,6.757100,0,1,1,6.757100,2,6.757100
Luxembourg,2015,0.000000,7.689825,0,1,1,7.689825,2,7.689825
Luxembourg,2016,0.000000,5.921776,0,1,1,5.921776,2,5.921776
Luxembourg,2017,0.000000,5.644848,0,1,1,5.644848,2,5.644848
Luxembourg,2018,0.000000,16.263720,0,1,1,16.263720,2,16.263720
Luxembourg,2019,0.000000,24.505716,0,1,1,24.505716,2,24.505716
Luxembourg,2020,0.000000,18.536520,0,1,1,18.536520,2,18.536520
Malta,2005,0.000000,19.049730,0,1,1,19.049730,2,19.049730
Malta,2006,0.000000,32.353992,0,1,1,32.353992,2,32.353992
Malta,2007,0.000000,1.251892,0,1,1,1.251892,2,1.251892
Malta,2008,0.000000,34.483320,0,1,1,34.483320,2,34.483320
Malta,2009,0.000000,15.550804,0,1,1,15.550804,2,15.550804
Malta,2010,0.000000,17.265976,0,1,1,17.265976,2,17.265976
Malta,2011,0.000000,23.756880,0,1,1,23.756880,2,23.756880
Malta,2012,0.000000,9.322488,0,1,1,9.322488,2,9.322488
Malta,2013,0.000000,6.043960,0,1,1,6.043960,2,6.043960
Malta,2014,0.000000,6.757100,0,1,1,6.757100,2,6.757100
Malta,2015,0.000000,7.689825,0,1,1,7.689825,2,7.689825
Malta,2016,0.000000,5.921776,0,1,1,5.921776,2,5.921776
Malta,2017,0.000000,5.644848,0,1,1,5.644848,2,5.644848
Malta,2018,0.000000,16.263720,0,1,1,16.263720,2,16.263720
Malta,2019,0.000000,24.505716,0,1,1,24.505716,2,24.505716
Malta,2020,0.000000,18.536520,0,1,1,18.536520,2,18.536520
Malta,2021,0.000000,49.779548,0,1,1,49.779548,2,49.779548
Malta,2022,0.000000,86.526108,0,1,1,86.526108,2,86.526108
Malta,2023,0.000000,96.298125,0,1,1,96.298125,2,96.298125
Malta,2024,0.000000,61.301547,0,1,1,61.301547,2,61.301547
Malta,2025,0.000000,70.370124,0,1,1,70.370124,2,70.370124
Montenegro,2024,0.000000,25.797600,0,1,1,25.797600,2,25.797600
Montenegro,2025,0.000000,25.891200,0,1,1,25.891200,2,25.891200
Netherlands,2005,0.000000,19.049730,0,1,1,19.049730,2,19.049730
Netherlands,2006,0.000000,32.353992,0,1,1,32.353992,2,32.353992
Netherlands,2007,0.000000,1.251892,0,1,1,1.251892,2,1.251892
Netherlands,2008,0.000000,34.483320,0,1,1,34.483320,2,34.483320
Netherlands,2009,0.000000,15.550804,0,1,1,15.550804,2,15.550804
Netherlands,2010,0.000000,17.265976,0,1,1,17.265976,2,17.265976
Netherlands,2011,0.000000,23.756880,0,1,1,23.756880,2,23.756880
Netherlands,2012,0.000000,9.322488,0,1,1,9.322488,2,9.322488
Netherlands,2013,0.000000,6.043960,0,1,1,6.043960,2,6.043960
Netherlands,2014,0.000000,6.757100,0,1,1,6.757100,2,6.757100
Netherlands,2015,0.000000,7.689825,0,1,1,7.689825,2,7.689825
Netherlands,2016,0.000000,5.921776,0,1,1,5.921776,2,5.921776
Netherlands,2017,0.000000,5.644848,0,1,1,5.644848,2,5.644848
Netherlands,2018,0.000000,16.263720,0,1,1,16.263720,2,16.263720
Netherlands,2019,0.000000,24.505716,0,1,1,24.505716,2,24.505716
Netherlands,2020,0.000000,18.536520,0,1,1,18.536520,2,18.536520
New Zealand,2010,0.000000,12.437250,0,1,1,12.437250,2,12.437250
New Zealand,2011,0.000000,15.370180,0,1,1,15.370180,2,15.370180
New Zealand,2012,0.000000,5.721100,0,1,1,5.721100,2,5.721100
New Zealand,2013,0.000000,1.673800,0,1,1,1.673800,2,1.673800
New Zealand,2014,0.000000,2.688940,0,1,1,2.688940,2,2.688940
New Zealand,2015,0.000000,4.931520,0,1,1,4.931520,2,4.931520
New Zealand,2017,0.000000,12.513890,0,1,1,12.513890,2,12.513890
New Zealand,2018,0.000000,15.090285,0,1,1,15.090285,2,15.090285
New Zealand,2019,0.000000,17.532540,0,1,1,17.532540,2,17.532540
New Zealand,2020,0.000000,14.304000,0,1,1,14.304000,2,14.304000
New Zealand,2021,0.000000,25.759890,0,1,1,25.759890,2,25.759890
New Zealand,2022,0.000000,52.622400,0,1,1,52.622400,2,52.622400
New Zealand,2023,0.000000,34.198750,0,1,1,34.198750,2,34.198750
New Zealand,2024,0.000000,35.105000,0,1,1,35.105000,2,35.105000
New Zealand,2025,0.000000,32.007124,0,1,1,32.007124,2,32.007124
Poland,2023,0.000000,96.298125,0,1,1,96.298125,2,96.298125
Portugal,2005,0.000000,19.049730,0,1,1,19.049730,2,19.049730
Portugal,2006,0.000000,32.353992,0,1,1,32.353992,2,32.353992
Portugal,2007,0.000000,1.251892,0,1,1,1.251892,2,1.251892
Portugal,2008,0.000000,34.483320,0,1,1,34.483320,2,34.483320
Portugal,2009,0.000000,15.550804,0,1,1,15.550804,2,15.550804
Portugal,2010,0.000000,17.265976,0,1,1,17.265976,2,17.265976
Portugal,2011,0.000000,23.756880,0,1,1,23.756880,2,23.756880
Portugal,2012,0.000000,9.322488,0,1,1,9.322488,2,9.322488
Portugal,2013,0.000000,6.043960,0,1,1,6.043960,2,6.043960
Portugal,2014,0.000000,6.757100,0,1,1,6.757100,2,6.757100
Portugal,2015,0.000000,7.689825,0,1,1,7.689825,2,7.689825
Portugal,2016,0.000000,5.921776,0,1,1,5.921776,2,5.921776
Portugal,2017,0.000000,5.644848,0,1,1,5.644848,2,5.644848
Portugal,2018,0.000000,16.263720,0,1,1,16.263720,2,16.263720
Romania,2005,0.000000,19.049730,0,1,1,19.049730,2,19.049730
Romania,2006,0.000000,32.353992,0,1,1,32.353992,2,32.353992
Romania,2007,0.000000,1.251892,0,1,1,1.251892,2,1.251892
Romania,2008,0.000000,34.483320,0,1,1,34.483320,2,34.483320
Romania,2009,0.000000,15.550804,0,1,1,15.550804,2,15.550804
Romania,2010,0.000000,17.265976,0,1,1,17.265976,2,17.265976
Romania,2011,0.000000,23.756880,0,1,1,23.756880,2,23.756880
Romania,2012,0.000000,9.322488,0,1,1,9.322488,2,9.322488
Romania,2013,0.000000,6.043960,0,1,1,6.043960,2,6.043960
Romania,2014,0.000000,6.757100,0,1,1,6.757100,2,6.757100
Romania,2015,0.000000,7.689825,0,1,1,7.689825,2,7.689825
Romania,2016,0.000000,5.921776,0,1,1,5.921776,2,5.921776
Romania,2017,0.000000,5.644848,0,1,1,5.644848,2,5.644848
Romania,2018,0.000000,16.263720,0,1,1,16.263720,2,16.263720
Romania,2019,0.000000,24.505716,0,1,1,24.505716,2,24.505716
Romania,2020,0.000000,18.536520,0,1,1,18.536520,2,18.536520
Romania,2021,0.000000,49.779548,0,1,1,49.779548,2,49.779548
Romania,2022,0.000000,86.526108,0,1,1,86.526108,2,86.526108
Romania,2023,0.000000,96.298125,0,1,1,96.298125,2,96.298125
Romania,2024,0.000000,61.301547,0,1,1,61.301547,2,61.301547
Romania,2025,0.000000,70.370124,0,1,1,70.370124,2,70.370124
Slovakia,2005,0.000000,19.049730,0,1,1,19.049730,2,19.049730
Slovakia,2006,0.000000,32.353992,0,1,1,32.353992,2,32.353992
Slovakia,2007,0.000000,1.251892,0,1,1,1.251892,2,1.251892
Slovakia,2008,0.000000,34.483320,0,1,1,34.483320,2,34.483320
Slovakia,2009,0.000000,15.550804,0,1,1,15.550804,2,15.550804
Slovakia,2010,0.000000,17.265976,0,1,1,17.265976,2,17.265976
Slovakia,2011,0.000000,23.756880,0,1,1,23.756880,2,23.756880
Slovakia,2012,0.000000,9.322488,0,1,1,9.322488,2,9.322488
Slovakia,2013,0.000000,6.043960,0,1,1,6.043960,2,6.043960
Slovakia,2014,0.000000,6.757100,0,1,1,6.757100,2,6.757100
Slovakia,2015,0.000000,7.689825,0,1,1,7.689825,2,7.689825
Slovakia,2016,0.000000,5.921776,0,1,1,5.921776,2,5.921776
Slovakia,2017,0.000000,5.644848,0,1,1,5.644848,2,5.644848
Slovakia,2018,0.000000,16.263720,0,1,1,16.263720,2,16.263720
Slovakia,2019,0.000000,24.505716,0,1,1,24.505716,2,24.505716
Slovakia,2020,0.000000,18.536520,0,1,1,18.536520,2,18.536520
Slovakia,2021,0.000000,49.779548,0,1,1,49.779548,2,49.779548
Slovakia,2022,0.000000,86.526108,0,1,1,86.526108,2,86.526108
Slovakia,2023,0.000000,96.298125,0,1,1,96.298125,2,96.298125
Slovakia,2024,0.000000,61.301547,0,1,1,61.301547,2,61.301547
Slovakia,2025,0.000000,70.370124,0,1,1,70.370124,2,70.370124
Slovenia,2005,0.000000,19.049730,0,1,1,19.049730,2,19.049730
Slovenia,2006,0.000000,32.353992,0,1,1,32.353992,2,32.353992
Slovenia,2023,0.000000,96.298125,0,1,1,96.298125,2,96.298125
Spain,2005,0.000000,19.049730,0,1,1,19.049730,2,19.049730
Spain,2006,0.000000,32.353992,0,1,1,32.353992,2,32.353992
Spain,2007,0.000000,1.251892,0,1,1,1.251892,2,1.251892
Spain,2008,0.000000,34.483320,0,1,1,34.483320,2,34.483320
Spain,2009,0.000000,15.550804,0,1,1,15.550804,2,15.550804
Spain,2010,0.000000,17.265976,0,1,1,17.265976,2,17.265976
Spain,2011,0.000000,23.756880,0,1,1,23.756880,2,23.756880
Spain,2012,0.000000,9.322488,0,1,1,9.322488,2,9.322488
Spain,2013,0.000000,6.043960,0,1,1,6.043960,2,6.043960
